{
  "n_clusters": 2,
  "cluster_stats": {
    "1": {
      "n_proteins": 131,
      "mean_helix": 0.25577995868459075,
      "mean_sheet": 0.15911729276855305,
      "mean_coil": 0.5851027485468562,
      "mean_size": 121.56488549618321,
      "mean_skip_rate": 0.9281984732824428,
      "early_skip": 0.8,
      "mid_skip": 0.9498854961832061,
      "late_skip": 0.806412213740458
    },
    "2": {
      "n_proteins": 169,
      "mean_helix": 0.25347006157904584,
      "mean_sheet": 0.16572853630397155,
      "mean_coil": 0.5808014021169825,
      "mean_size": 140.9467455621302,
      "mean_skip_rate": 0.9278343195266274,
      "early_skip": 0.8,
      "mid_skip": 0.9499408284023668,
      "late_skip": 0.7988165680473372
    }
  },
  "cluster_assignments": {
    "5c5sB00": 1,
    "2doqD00": 1,
    "1uunA02": 2,
    "3f3fD01": 1,
    "3fvcA02": 2,
    "2jn0A00": 2,
    "2efkA01": 2,
    "4uf1A00": 1,
    "1q0vA00": 1,
    "1u3oA01": 2,
    "1yc9A02": 1,
    "3rsiB01": 2,
    "1x6fA00": 1,
    "1ibtC00": 2,
    "1an2A00": 2,
    "1vq8B01": 2,
    "2odmA00": 2,
    "2zpnC00": 1,
    "3fcgB00": 1,
    "2pffB01": 1,
    "6hu9c01": 1,
    "1c6vX00": 2,
    "4b0nA01": 2,
    "4ojdH01": 2,
    "2zuoA01": 1,
    "2rprA00": 2,
    "3fjsA00": 1,
    "2gysA02": 2,
    "4iupA02": 1,
    "3c8eB01": 1,
    "1t3oA01": 2,
    "2yucA01": 1,
    "1lciA03": 1,
    "1hcnB00": 1,
    "2ecjA00": 1,
    "3a98B01": 2,
    "1qoyA00": 2,
    "4wksC02": 2,
    "1pm6A00": 2,
    "2co9A00": 1,
    "2m4vA00": 2,
    "3hn5A02": 2,
    "5fmnA00": 2,
    "1aq3A00": 2,
    "2hvgA02": 2,
    "4ae5C00": 1,
    "5lnkA00": 1,
    "1pxfA00": 2,
    "3t5oA01": 1,
    "3djlA02": 2,
    "2a2cA02": 1,
    "3gldA01": 2,
    "4xomB00": 2,
    "2xzn800": 2,
    "1uunA01": 2,
    "1hr6A01": 1,
    "3a8pA02": 2,
    "1ay9A00": 2,
    "1ndbA01": 2,
    "1ek9A00": 2,
    "2jmoA01": 1,
    "3bsoA02": 1,
    "3qauA03": 2,
    "4qq1C03": 2,
    "1qu3A04": 1,
    "1upqA00": 2,
    "3kbgA03": 2,
    "1vw4200": 2,
    "3f1jA00": 2,
    "5sviB00": 1,
    "1vw4700": 2,
    "1whnA01": 1,
    "2ww8A04": 1,
    "4dn9A00": 2,
    "3cmbA00": 2,
    "2ensA01": 1,
    "4myzC00": 2,
    "2lexA00": 2,
    "3bwnD01": 1,
    "4jtmA00": 2,
    "4e1pA00": 1,
    "1q3eA01": 2,
    "1z5hA03": 1,
    "2ox5A00": 2,
    "1wibA00": 1,
    "2djaA00": 2,
    "1g5gA02": 2,
    "3cnvA01": 1,
    "3hnwA00": 1,
    "5xyiU00": 2,
    "4j31A00": 1,
    "3cjrB01": 2,
    "1z6oM00": 1,
    "2bayE00": 2,
    "1afb100": 2,
    "1k3sA00": 1,
    "1rmvA00": 1,
    "2kkeA00": 2,
    "2ekhA00": 2,
    "2icsA01": 2,
    "6d6tA01": 2,
    "1jeyB02": 2,
    "1novA00": 2,
    "4agsA01": 2,
    "5t3eB01": 2,
    "2vqxA01": 2,
    "1l5jA03": 1,
    "2i4rA00": 1,
    "3aonA00": 1,
    "6d7cA01": 1,
    "1m6uA00": 2,
    "1a10I00": 2,
    "3jc6D01": 2,
    "4b9kE00": 2,
    "3o2zF00": 1,
    "4ohvA01": 2,
    "4l68A01": 2,
    "1t16A00": 2,
    "1chuA01": 2,
    "2hv2A01": 1,
    "3ek3A01": 2,
    "2fn0B00": 2,
    "2g5xA02": 1,
    "3fidA00": 1,
    "2r7eB01": 1,
    "3it8D02": 1,
    "1i3pA00": 1,
    "1jq4A00": 2,
    "1f3lA02": 1,
    "2mqcA00": 2,
    "1i94H02": 2,
    "3qwwA01": 2,
    "3lnnA03": 2,
    "1du2A00": 1,
    "2jugA01": 1,
    "4lj0A00": 2,
    "2e5wA01": 2,
    "1rerA01": 2,
    "2vzsA01": 2,
    "5d1kB01": 1,
    "1cscA01": 2,
    "2cfmA02": 2,
    "2heyT02": 1,
    "4hgzA02": 1,
    "2zc0A01": 1,
    "3p26A01": 2,
    "1yzyA02": 2,
    "2wyoD02": 2,
    "1yhqH00": 2,
    "2hpuA02": 1,
    "1o4sA01": 1,
    "2ds2D01": 1,
    "3u4qB03": 2,
    "4k3bA06": 1,
    "4p78C00": 1,
    "5h8yD02": 1,
    "1n9pA00": 2,
    "1owqA02": 2,
    "4dczA00": 1,
    "3havB02": 2,
    "2vveA01": 1,
    "2vpzB02": 2,
    "1p2zA02": 2,
    "1jg8A01": 2,
    "1gtdA00": 1,
    "3kalB05": 1,
    "2r7rA07": 2,
    "1ug1A00": 1,
    "2kkqA00": 2,
    "4hwnA00": 2,
    "1rzhL01": 1,
    "5jv4A00": 1,
    "1x7fA02": 2,
    "1hkgA03": 2,
    "1e8uA00": 2,
    "3ozqA01": 1,
    "1uzxA00": 1,
    "1vq8E02": 1,
    "2npiA03": 2,
    "1f45B00": 2,
    "3skvA01": 2,
    "3o2zP00": 2,
    "2wzvA01": 2,
    "1bcpD00": 1,
    "1vq8300": 2,
    "4dixA02": 1,
    "3ukmA01": 2,
    "3zlaD01": 2,
    "3htkC02": 2,
    "1u97A00": 2,
    "3jqoA01": 1,
    "1vw3B01": 1,
    "2uv8G08": 1,
    "2okqB00": 1,
    "2ar5A00": 1,
    "1z8fA01": 1,
    "5d8dD03": 2,
    "4mtnA02": 2,
    "2r7kA02": 2,
    "3vg8A00": 1,
    "2jh3A04": 1,
    "3g3oA00": 2,
    "3p3cA02": 1,
    "3dm4A00": 2,
    "2a38A02": 1,
    "3zs6A01": 2,
    "3lvtA03": 1,
    "4pqxA01": 2,
    "3ujzA03": 1,
    "1wgbA00": 1,
    "1j26A01": 2,
    "3ke3A02": 2,
    "1ii2B01": 2,
    "1di2A00": 1,
    "1zboA01": 2,
    "4d4rB01": 1,
    "1dzfA02": 2,
    "3m6aA01": 1,
    "3hoiA00": 1,
    "4fe9A03": 2,
    "2yu1A02": 2,
    "4fb9A02": 2,
    "1k5dB00": 1,
    "3mcaA03": 2,
    "3hhjB00": 1,
    "1u3eM02": 1,
    "4rs4B02": 2,
    "5ejwA00": 2,
    "4flnA02": 2,
    "6j5cA02": 2,
    "3qq2B00": 2,
    "1gs0A02": 1,
    "2odhA02": 2,
    "3deeA02": 1,
    "2rbbA00": 1,
    "1s4kA00": 1,
    "4igbB02": 2,
    "2x98A02": 2,
    "2v6eA04": 1,
    "4aqsA03": 1,
    "2yxzD01": 2,
    "4qunA00": 2,
    "2lcuA01": 1,
    "2yk0A03": 2,
    "4qenA03": 2,
    "1p9oA00": 2,
    "1ehiA02": 1,
    "1tolA01": 1,
    "1k85A00": 2,
    "2yilA02": 1,
    "4o5fA02": 1,
    "4cckA03": 1,
    "2qvsB02": 2,
    "3gqqA00": 1,
    "1luiA00": 2,
    "4fkeA03": 1,
    "1y9lA00": 2,
    "3d3oA00": 2,
    "3thdC02": 2,
    "3v0dA02": 2,
    "2hb0B02": 1,
    "1jj2A03": 2,
    "2bhgA02": 2,
    "4pw3A01": 2,
    "2hqrA02": 1,
    "3qdnA01": 2,
    "2r0cA02": 1,
    "2wakA00": 2,
    "3arxA01": 1,
    "4mlzA02": 2,
    "1ei5A02": 2,
    "2hv2A02": 2,
    "3jamZ00": 2,
    "3wy7D01": 1,
    "5eokA02": 1,
    "5suhB01": 1,
    "3w0fA01": 1,
    "2jbvA02": 1,
    "1n7oA03": 1,
    "5mu3B00": 2,
    "2o7rA00": 1,
    "1vwxY00": 2,
    "3jb9a02": 1,
    "3h7oA02": 2,
    "1mwrA04": 1,
    "1c0aA03": 2,
    "4gb7A00": 2,
    "4f55A01": 1,
    "1vq8T00": 1,
    "1e8cA01": 1,
    "4hppA02": 1,
    "3mlfA00": 1,
    "4yonA01": 1,
    "4le7A02": 2,
    "3qsjA00": 2,
    "1qcsA01": 2,
    "3c4nA02": 2,
    "4jj0B00": 2,
    "2rcfA00": 2,
    "2xs1A01": 2
  },
  "ss_cluster_correlation": {
    "helix_variance_ratio": 0.04605139779410964,
    "sheet_variance_ratio": 0.8340189218964978
  }
}